-- phpMyAdmin SQL Dump
-- version 5.2.0
-- https://www.phpmyadmin.net/
--
-- Servidor: 127.0.0.1
-- Tiempo de generación: 28-03-2023 a las 12:47:50
-- Versión del servidor: 10.4.27-MariaDB
-- Versión de PHP: 8.2.0

SET SQL_MODE = "NO_AUTO_VALUE_ON_ZERO";
START TRANSACTION;
SET time_zone = "+00:00";


/*!40101 SET @OLD_CHARACTER_SET_CLIENT=@@CHARACTER_SET_CLIENT */;
/*!40101 SET @OLD_CHARACTER_SET_RESULTS=@@CHARACTER_SET_RESULTS */;
/*!40101 SET @OLD_COLLATION_CONNECTION=@@COLLATION_CONNECTION */;
/*!40101 SET NAMES utf8mb4 */;

--
-- Base de datos: `estepper`
--

--
-- Volcado de datos para la tabla `alimentacion`
--

INSERT INTO `alimentacion` (`id`, `fibra_alimentaria`, `grasas_saturadas`, `hidratos_de_carbono`, `nombre`, `porcion`, `proteinas`, `sal`, `tipo`, `unidad`) VALUES
(1, 8, 0.4, 68, 'Pasta Integral', 100, 13, 0.01, 'PASTA', 'GRAMOS'),
(2, 1.7, 0, 9, 'Cebolla', 100, 1.2, 0, 'VERDURA', 'GRAMOS'),
(3, 1.1, 0.1, 2.4, 'Calabacín', 100, 1.4, 0, 'VERDURA', 'GRAMOS'),
(4, 3, 0.1, 5.5, 'Berenjena', 100, 1.1, 0, 'VERDURA', 'GRAMOS'),
(5, 1, 0.1, 0.6, 'Champiñones', 100, 3.1, 0.01, 'VERDURA', 'GRAMOS'),
(6, 0, 0.1, 0, 'Atún claro al natural', 100, 28, 0.5, 'PESCADO', 'GRAMOS'),
(7, 0, 1.4, 0, 'Aceite de oliva', 10, 0, 0, 'ACEITE', 'GRAMOS'),
(8, 0, 0, 0.8, 'Salsa de soja', 10, 1.1, 1.5, 'PESCADO', 'GRAMOS'),
(9, 2.8, 0, 7.3, 'Zanahoria', 100, 0.9, 0, 'VERDURA', 'GRAMOS'),
(10, 3.2, 0.1, 20, 'Pimiento asado', 100, 2.5, 0.38, 'VERDURA', 'GRAMOS'),
(11, 2.1, 0.1, 6, 'Pimiento rojo', 100, 1.3, 0.01, 'VERDURA', 'GRAMOS'),
(12, 2, 0, 4, 'Pimiento verde', 100, 1, 0, 'VERDURA', 'GRAMOS'),
(13, 1.5, 0, 1.8, 'Espárragos verdes', 100, 2.2, 0.01, 'VERDURA', 'GRAMOS'),
(14, 1.2, 0, 3.9, 'Tomate mediano', 100, 0.9, 0.01, 'VERDURA', 'GRAMOS'),
(15, 0.1, 0, 1, 'Diente de ajo', 3, 0.2, 0, 'VERDURA', 'GRAMOS'),
(16, 0.2, 0, 0.6, 'Pimienta negra', 1, 0.1, 0, 'VERDURA', 'GRAMOS'),
(17, 0, 0, 0.1, 'Vinagre', 15, 0, 0.03, 'FRUTA', 'MILILITROS'),
(18, 3.4, 0, 4.7, 'Judías verdes', 100, 1.9, 0, 'LEGUMBRE', 'GRAMOS'),
(19, 0, 0, 0, 'Sal', 1, 0, 1, 'VERDURA', 'GRAMOS'),
(20, 5.7, 0.1, 12.5, 'Guisantes', 100, 5.4, 0.02, 'LEGUMBRE', 'GRAMOS'),
(21, 0.3, 0, 0.4, 'Orégano', 1, 0.2, 0, 'VERDURA', 'GRAMOS'),
(22, 0.1, 0, 0.1, 'Albahaca', 1, 0.1, 0, 'VERDURA', 'GRAMOS'),
(23, 5.4, 0, 10.5, 'Alcachofa', 100, 3.3, 0.01, 'VERDURA', 'GRAMOS'),
(24, 0, 0.2, 0, 'Bacalao desmigado', 100, 19.2, 2.3, 'PESCADO', 'GRAMOS'),
(25, 2.2, 0, 17, 'Patata', 100, 2, 0.01, 'VERDURA', 'GRAMOS'),
(26, 2.7, 0.2, 76.3, 'Harina de trigo', 100, 10.3, 0, 'CEREALES', 'GRAMOS'),
(27, 0, 39.2, 0, 'Manteca de cerdo', 100, 0.5, 0.01, 'CARNE_GRASA', 'GRAMOS'),
(28, 0, 51, 0.6, 'Mantequilla', 100, 0.9, 0.01, 'ACEITE', 'GRAMOS'),
(29, 0, 0, 0, 'Agua', 100, 0, 0, 'ACEITE', 'MILILITROS'),
(30, 0.7, 0, 0.9, 'Perejil', 10, 0.5, 0.03, 'VERDURA', 'GRAMOS'),
(31, 7.9, 0.1, 20.2, 'Lentejas cocidas', 100, 9, 0.05, 'LEGUMBRE', 'GRAMOS'),
(32, 0.3, 0.1, 28.2, 'Arroz cocido', 100, 2.5, 0.01, 'ARROZ', 'GRAMOS'),
(33, 3.7, 0.1, 5.8, 'Pimentón dulce', 10, 1.5, 0.04, 'VERDURA', 'GRAMOS'),
(34, 0.3, 0, 0.6, 'Hoja laurel', 1, 0.1, 0, 'VERDURA', 'UNIDADES'),
(35, 1.3, 0.03, 1.4, 'Lechuga', 100, 1.4, 0.03, 'VERDURA', 'GRAMOS'),
(36, 3.1, 0.05, 2.3, 'Escarola', 100, 1.5, 0.02, 'VERDURA', 'GRAMOS'),
(37, 3.8, 0, 9.2, 'Remolacha', 1, 1.6, 0.064, 'VERDURA', 'UNIDADES'),
(38, 0.5, 0, 1.9, 'Pepino', 1, 0.3, 0.002, 'FRUTA', 'UNIDADES'),
(39, 0, 2, 0.6, 'Huevo cocido', 1, 6, 0.0154, 'HUEVO', 'UNIDADES'),
(40, 0, 2, 0.6, 'Huevo', 1, 6, 0.14, 'HUEVO', 'UNIDADES'),
(42, 0, 2, 9, 'Leche', 200, 6, 0.1, 'LACTEOS', 'MILILITROS'),
(43, 0, 0.9, 0, 'Pechuga de pollo', 100, 31, 0.07, 'CARNE_MAGRA', 'GRAMOS'),
(44, 1.8, 0, 5.8, 'Tomate cherry', 150, 1.5, 0.003, 'VERDURA', 'GRAMOS'),
(45, 7.6, 0.5, 27, 'Garbanzo seco', 100, 9, 0.01, 'LEGUMBRE', 'GRAMOS'),
(46, 1.6, 0, 9.5, 'Puerro', 89, 1.3, 0.035, 'VERDURA', 'GRAMOS'),
(47, 1.8, 0.4, 23, 'Arroz integral', 100, 2.6, 0.001, 'ARROZ', 'GRAMOS'),
(48, 0, 6, 1, 'Queso feta', 30, 4, 0.24, 'LACTEOS', 'GRAMOS'),
(49, 3, 0.5, 34, 'Panecillo integral', 70, 6, 0.325, 'PAN', 'GRAMOS'),
(50, 0, 0.4, 0, 'Merluza', 100, 20, 0.06, 'PESCADO', 'GRAMOS'),
(51, 1.3, 0, 2, 'Repollo', 70, 1, 0.013, 'VERDURA', 'GRAMOS'),
(52, 0, 0, 2.2, 'Vino blanco', 150, 0.1, 0, 'FRUTA', 'MILILITROS'),
(53, 0, 1.8, 0, 'Ternera', 100, 22, 0.056, 'CARNE_GRASA', 'GRAMOS'),
(54, 0, 0.2, 0, 'Gambas', 100, 24, 0.142, 'PESCADO', 'GRAMOS'),
(55, 0, 0.2, 4, 'Almejas', 100, 14, 0.196, 'PESCADO', 'GRAMOS'),
(56, 0, 0.4, 1, 'Sepia', 100, 19, 0.04, 'PESCADO', 'GRAMOS'),
(57, 1.2, 0, 3.3, 'Tomate rallado', 100, 1.1, 0.019, 'VERDURA', 'GRAMOS'),
(41, 2.2, 0.2, 1.2, 'Espinacas', 100, 2.9, 0.079, 'VERDURA', 'GRAMOS');

--
-- Volcado de datos para la tabla `recetas`
--

INSERT INTO `recetas` (`id`, `link`, `nombre`) VALUES
(1, 'menusemanal1-5.pdf', 'Ensalada de tomate'),
(2, 'menusemanal1-6.pdf', 'Potaje de garbanzos'),
(4, 'menusemanal1-8.pdf', 'Pasta con verduras y atún'),
(5, 'menusemanal1-9.pdf', 'Pisto con huevo a la plancha'),
(6, 'menusemanal1-10.pdf', 'Lentejas con arroz y verduras'),
(7, 'menusemanal1-11.pdf', 'Ensalada variada'),
(8, 'menusemanal1-12.pdf', 'Tortilla francesa'),
(9, 'menusemanal1-13.pdf', 'Espinacas rehogadas'),
(10, 'menusemanal1-14.pdf', 'Merluza en salsa'),
(11, 'menusemanal1-15.pdf', 'Brochetas de pollo'),
(12, 'menusemanal1-16.pdf', 'Ensalada de garbanzos'),
(13, 'menusemanal1-17.pdf', 'Tortilla de patata y calabacín'),
(14, 'menusemanal1-18.pdf', 'Menestra de verduras'),
(15, 'menusemanal1-19.pdf', 'Ternera en salsa'),
(16, 'menusemanal1-20.pdf', 'Hamburguesa de lentejas'),
(17, 'menusemanal1-21.pdf', 'Paella'),
(18, 'menusemanal1-22.pdf', 'Salteado de legumbres con verduras'),
(3, 'menusemanal1-7.pdf', 'Buñuelos de bacalao');

--
-- Volcado de datos para la tabla `receta_alimentacion`
--

INSERT INTO `receta_alimentacion` (`receta_id`, `alimentacion_id`) VALUES
(1, 7),
(1, 14),
(1, 15),
(1, 16),
(1, 17),
(1, 19),
(1, 21),
(1, 22),
(2, 2),
(2, 7),
(2, 9),
(2, 11),
(2, 12),
(2, 14),
(2, 15),
(2, 19),
(2, 33),
(2, 34),
(2, 45),
(2, 46),
(2, 41),
(4, 1),
(4, 2),
(4, 3),
(4, 4),
(4, 5),
(4, 6),
(4, 7),
(4, 8),
(4, 9),
(4, 11),
(4, 13),
(5, 2),
(5, 3),
(5, 4),
(5, 7),
(5, 11),
(5, 12),
(5, 14),
(5, 19),
(5, 40),
(6, 2),
(6, 3),
(6, 7),
(6, 9),
(6, 11),
(6, 12),
(6, 14),
(6, 15),
(6, 16),
(6, 19),
(6, 25),
(6, 30),
(6, 31),
(6, 32),
(6, 33),
(6, 34),
(7, 7),
(7, 9),
(7, 14),
(7, 17),
(7, 19),
(7, 35),
(7, 36),
(7, 37),
(7, 38),
(7, 39),
(8, 7),
(8, 19),
(8, 40),
(8, 42),
(9, 2),
(9, 7),
(9, 15),
(9, 19),
(9, 40),
(9, 41),
(10, 3),
(10, 7),
(10, 11),
(10, 14),
(10, 15),
(10, 16),
(10, 19),
(10, 29),
(10, 33),
(10, 46),
(10, 50),
(10, 51),
(10, 52),
(11, 2),
(11, 5),
(11, 7),
(11, 11),
(11, 12),
(11, 19),
(11, 43),
(11, 44),
(12, 6),
(12, 7),
(12, 10),
(12, 16),
(12, 17),
(12, 21),
(12, 39),
(12, 45),
(12, 48),
(13, 2),
(13, 3),
(13, 7),
(13, 19),
(13, 25),
(13, 40),
(14, 2),
(14, 7),
(14, 9),
(14, 15),
(14, 16),
(14, 18),
(14, 19),
(14, 20),
(14, 23),
(14, 34),
(14, 52),
(15, 2),
(15, 7),
(15, 9),
(15, 12),
(15, 14),
(15, 15),
(15, 16),
(15, 19),
(15, 33),
(15, 52),
(15, 53),
(16, 2),
(16, 7),
(16, 9),
(16, 31),
(16, 35),
(16, 47),
(16, 48),
(16, 49),
(17, 2),
(17, 7),
(17, 11),
(17, 12),
(17, 15),
(17, 19),
(17, 32),
(17, 34),
(17, 54),
(17, 55),
(17, 56),
(17, 57),
(18, 2),
(18, 3),
(18, 4),
(18, 5),
(18, 7),
(18, 16),
(18, 18),
(18, 19),
(18, 45),
(3, 7),
(3, 15),
(3, 19),
(3, 24),
(3, 25),
(3, 26),
(3, 27),
(3, 28),
(3, 29),
(3, 30);
COMMIT;

/*!40101 SET CHARACTER_SET_CLIENT=@OLD_CHARACTER_SET_CLIENT */;
/*!40101 SET CHARACTER_SET_RESULTS=@OLD_CHARACTER_SET_RESULTS */;
/*!40101 SET COLLATION_CONNECTION=@OLD_COLLATION_CONNECTION */;
